[
    {
        "_version": "3.2.0",
        "identification": {
            "id": "<groupId>",
            "title": "{{title}}",
            "entityType": "group"
        },
        "payload": {
            "viz": [
                {
                    "appId": "<appId>",
                    "vizId": "pipeline"
                }
            ]
        },
        "texts": [
            {
                "locale": "",
                "textDictionary": {
                    "title": "<ghOrg>"
                }
            }
        ]
    },
    {
        "_version": "3.2.0",
        "identification": {
            "id": "<roleId>",
            "entityType": "role",
            "title": "<ghOrg>"
        },
        "payload": {
            "apps": [
                {
                    "id": "<appId>"
                }
            ],
            "groups": [
                {
                    "id": "<groupId>"
                }
            ]
        }
    },
    {
        "_version": "3.2.0",
        "identification": {
            "id": "<spaceId>",
            "entityType": "site"
        },
        "payload": {
            "siteConfig": {
                "title": "<spaceId>-FLP",
                "alias": "<spaceId>",
                "displaySettings": {
                    "launchpadViewMode": "Groups"
                }
            }
        }
    }
]
